{"cameraMode":{"drawMode":0,"name":"Shaded","section":"Shading Mode"},"sceneLighting":false,"audioPlay":false,"sceneViewState":{"showFog":true,"showMaterialUpdate":false,"showSkybox":true,"showFlares":true,"showImageEffects":true,"showParticleSystems":true},"in2DMode":false,"pivot":{"x":0.0,"y":3.031651735305786,"z":0.03470420837402344},"rotation":{"x":-0.016445161774754525,"y":0.08090046048164368,"z":-0.0013349790824577213,"w":-0.9965856671333313},"size":25.05945587158203,"orthographic":false}