{"cameraMode":{"drawMode":0,"name":"Shaded","section":"Shading Mode"},"sceneLighting":true,"audioPlay":false,"sceneViewState":{"showFog":true,"showMaterialUpdate":false,"showSkybox":true,"showFlares":true,"showImageEffects":true,"showParticleSystems":true},"in2DMode":false,"pivot":{"x":7.152557373046875e-7,"y":-0.09646368026733399,"z":0.08668208122253418},"rotation":{"x":-0.08853445202112198,"y":-0.5503136515617371,"z":0.05883101001381874,"w":-0.8281639218330383},"size":49.35984802246094,"orthographic":false}