{"cameraMode":{"drawMode":0,"name":"Shaded","section":"Shading Mode"},"sceneLighting":false,"audioPlay":false,"sceneViewState":{"showFog":true,"showMaterialUpdate":false,"showSkybox":true,"showFlares":true,"showImageEffects":true,"showParticleSystems":true},"in2DMode":false,"pivot":{"x":-0.41390591859817507,"y":0.9562416076660156,"z":1.0285457372665406},"rotation":{"x":-0.08853445202112198,"y":-0.5503136515617371,"z":0.05883101001381874,"w":-0.8281639218330383},"size":14.391885757446289,"orthographic":false}