{"cameraMode":{"drawMode":0,"name":"Shaded","section":"Shading Mode"},"sceneLighting":false,"audioPlay":false,"sceneViewState":{"showFog":true,"showMaterialUpdate":false,"showSkybox":true,"showFlares":true,"showImageEffects":true,"showParticleSystems":true},"in2DMode":false,"pivot":{"x":2.6904921531677248,"y":3.601078510284424,"z":-0.9796552658081055},"rotation":{"x":-0.03189127892255783,"y":-0.380792498588562,"z":0.013142562471330166,"w":-0.9240170121192932},"size":13.483489990234375,"orthographic":false}